"DESCRIPTION","DURATION IN MS","NAME","PARENT SUITE","START TIME","STATUS","STOP TIME","SUB SUITE","SUITE","TEST CLASS","TEST METHOD"
"Verify GET /booking/:id returns correct booking data.","36","Get specific booking by ID","tests.test_bookings","Wed Oct 07 11:16:22 UTC 2026","passed","Wed Oct 07 11:16:22 UTC 2026","TestGetBooking","test_get_booking","",""
"Verify that a deleted booking returns 404 on subsequent GET.","108","Deleted booking returns 404 on GET","tests.test_bookings","Wed Oct 07 11:16:22 UTC 2026","passed","Wed Oct 07 11:16:22 UTC 2026","TestDeleteBooking","test_delete_booking","",""
"Verify PATCH can update a single field.","36","Partial update single field (firstname)","tests.test_bookings","Wed Oct 07 11:16:24 UTC 2026","passed","Wed Oct 07 11:16:24 UTC 2026","TestPartialUpdateBooking","test_partial_update","",""
"Verify API behavior with various invalid payloads from JSON file.","72","Data-driven negative test: invalid payload","tests.test_negative","Wed Oct 07 11:16:26 UTC 2026","passed","Wed Oct 07 11:16:27 UTC 2026","TestErrorHandling","test_error_handling","",""
"Verify booking creation with multiple data sets from JSON file.","37","Data-driven: Create booking with parametrized test data","tests.test_bookings","Wed Oct 07 11:16:21 UTC 2026","passed","Wed Oct 07 11:16:21 UTC 2026","TestCreateBooking","test_create_booking","",""
"Verify API rejects wrong data type for totalprice.

        Known bug: API accepts string value and coerces to 0.
        Expected: 400 Bad Request.
        ","72","Create booking with string instead of number for price","tests.test_negative","Wed Oct 07 11:16:26 UTC 2026","passed","Wed Oct 07 11:16:26 UTC 2026","TestErrorHandling","test_error_handling","",""
"Verify that empty credentials do not return a token.","36","Empty credentials do not return a token","tests.test_auth","Wed Oct 07 11:16:19 UTC 2026","passed","Wed Oct 07 11:16:19 UTC 2026","TestAuthentication","test_authentication","",""
"Verify that invalid credentials do not return a token.","37","Invalid credentials do not return a token","tests.test_auth","Wed Oct 07 11:16:19 UTC 2026","passed","Wed Oct 07 11:16:19 UTC 2026","TestAuthentication","test_authentication","",""
"Verify POST /auth responds within acceptable time.","35","POST /auth responds within threshold","tests.test_performance","Wed Oct 07 11:16:27 UTC 2026","passed","Wed Oct 07 11:16:27 UTC 2026","TestResponseTimes","test_response_times","",""
"Verify booking with same-day checkin and checkout.","38","Create booking with same checkin and checkout date","tests.test_bookings","Wed Oct 07 11:16:20 UTC 2026","passed","Wed Oct 07 11:16:20 UTC 2026","TestBoundaryValues","test_boundary","",""
"Verify booking creation with various name lengths.","36","Create booking with name length=50","tests.test_bookings","Wed Oct 07 11:16:20 UTC 2026","passed","Wed Oct 07 11:16:20 UTC 2026","TestBoundaryValues","test_boundary","",""
"Verify API behavior with various invalid payloads from JSON file.","74","Data-driven negative test: invalid payload","tests.test_negative","Wed Oct 07 11:16:27 UTC 2026","passed","Wed Oct 07 11:16:27 UTC 2026","TestErrorHandling","test_error_handling","",""
"Verify booking creation with multiple data sets from JSON file.","37","Data-driven: Create booking with parametrized test data","tests.test_bookings","Wed Oct 07 11:16:21 UTC 2026","passed","Wed Oct 07 11:16:21 UTC 2026","TestCreateBooking","test_create_booking","",""
"Verify that all fields in the response match the request.","37","Created booking fields match request data","tests.test_bookings","Wed Oct 07 11:16:21 UTC 2026","passed","Wed Oct 07 11:16:21 UTC 2026","TestCreateBooking","test_create_booking","",""
"Verify the complete booking lifecycle from creation to deletion.","217","Full booking lifecycle: Create -> Get -> Update -> Partial Update -> Delete","tests.test_e2e","Wed Oct 07 11:16:25 UTC 2026","passed","Wed Oct 07 11:16:25 UTC 2026","TestBookingWorkflow","test_booking_workflow","",""
"Verify that deleting a non-existent booking returns an error.","36","Delete non-existent booking returns error","tests.test_bookings","Wed Oct 07 11:16:22 UTC 2026","passed","Wed Oct 07 11:16:22 UTC 2026","TestDeleteBooking","test_delete_booking","",""
"Verify that updating without auth returns 403.","37","Update booking without token returns 403","tests.test_bookings","Wed Oct 07 11:16:24 UTC 2026","passed","Wed Oct 07 11:16:24 UTC 2026","TestUpdateBooking","test_update_booking","",""
"Verify API behavior with various invalid payloads from JSON file.","36","Data-driven negative test: invalid payload","tests.test_negative","Wed Oct 07 11:16:26 UTC 2026","passed","Wed Oct 07 11:16:26 UTC 2026","TestErrorHandling","test_error_handling","",""
"Verify response times don't degrade across consecutive requests.","182","Consecutive requests maintain consistent response times","tests.test_performance","Wed Oct 07 11:16:27 UTC 2026","passed","Wed Oct 07 11:16:27 UTC 2026","TestResponseTimes","test_response_times","",""
"Verify API sanitizes or rejects dangerous payloads.

        Known bug: API stores payloads as-is without sanitization.
        Expected: 400 Bad Request or sanitized storage.
        ","108","Security: XSS in firstname field","tests.test_negative","Wed Oct 07 11:16:26 UTC 2026","passed","Wed Oct 07 11:16:26 UTC 2026","TestErrorHandling","test_error_handling","",""
"Verify unchanged fields remain intact after PATCH.","72","Partial update preserves unchanged fields","tests.test_bookings","Wed Oct 07 11:16:24 UTC 2026","passed","Wed Oct 07 11:16:24 UTC 2026","TestPartialUpdateBooking","test_partial_update","",""
"Verify PATCH without valid token returns 403.","36","Partial update without auth returns 403","tests.test_bookings","Wed Oct 07 11:16:24 UTC 2026","passed","Wed Oct 07 11:16:24 UTC 2026","TestPartialUpdateBooking","test_partial_update","",""
"Verify API handles invalid booking ID types.","36","GET /booking with invalid ID type: -1","tests.test_bookings","Wed Oct 07 11:16:21 UTC 2026","passed","Wed Oct 07 11:16:21 UTC 2026","TestBoundaryValues","test_boundary","",""
"Verify booking creation with special characters in firstname.","37","Create booking with special characters in name","tests.test_bookings","Wed Oct 07 11:16:20 UTC 2026","passed","Wed Oct 07 11:16:20 UTC 2026","TestBoundaryValues","test_boundary","",""
"Verify GET /booking returns a list of booking IDs.","70","Get all booking IDs returns a list","tests.test_bookings","Wed Oct 07 11:16:22 UTC 2026","passed","Wed Oct 07 11:16:22 UTC 2026","TestGetBooking","test_get_booking","",""
"Verify that a booking can be fully updated with PUT.","37","Full update booking with valid token","tests.test_bookings","Wed Oct 07 11:16:24 UTC 2026","passed","Wed Oct 07 11:16:24 UTC 2026","TestUpdateBooking","test_update_booking","",""
"Verify booking creation with historical dates.","37","Create booking with past dates","tests.test_bookings","Wed Oct 07 11:16:20 UTC 2026","passed","Wed Oct 07 11:16:21 UTC 2026","TestBoundaryValues","test_boundary","",""
"Verify booking can be created without optional additionalneeds field.","37","Create booking without additionalneeds","tests.test_bookings","Wed Oct 07 11:16:21 UTC 2026","passed","Wed Oct 07 11:16:21 UTC 2026","TestCreateBooking","test_create_booking","",""
"Verify API sanitizes or rejects dangerous payloads.

        Known bug: API stores payloads as-is without sanitization.
        Expected: 400 Bad Request or sanitized storage.
        ","108","Security: Command injection in firstname field","tests.test_negative","Wed Oct 07 11:16:26 UTC 2026","passed","Wed Oct 07 11:16:26 UTC 2026","TestErrorHandling","test_error_handling","",""
"Verify GET /booking/:id response matches the booking JSON schema.","38","GET /booking/:id matches booking schema","tests.test_contracts","Wed Oct 07 11:16:25 UTC 2026","passed","Wed Oct 07 11:16:25 UTC 2026","TestSchemaValidation","test_schema_validation","",""
"Verify multiple GET requests return identical data.","108","GET /booking/:id is idempotent","tests.test_bookings","Wed Oct 07 11:16:23 UTC 2026","passed","Wed Oct 07 11:16:23 UTC 2026","TestIdempotency","test_idempotency","",""
"Verify response contains all expected fields with correct types.","36","Get booking response contains all expected fields","tests.test_bookings","Wed Oct 07 11:16:23 UTC 2026","passed","Wed Oct 07 11:16:23 UTC 2026","TestGetBooking","test_get_booking","",""
"Verify GET /booking with date filters returns results.","38","Filter bookings by checkin and checkout dates","tests.test_bookings","Wed Oct 07 11:16:22 UTC 2026","passed","Wed Oct 07 11:16:23 UTC 2026","TestGetBooking","test_get_booking","",""
"Verify that empty credentials do not return a token.","36","Empty credentials do not return a token","tests.test_auth","Wed Oct 07 11:16:19 UTC 2026","passed","Wed Oct 07 11:16:19 UTC 2026","TestAuthentication","test_authentication","",""
"Verify that a booking can be deleted with valid token.","72","Delete existing booking successfully","tests.test_bookings","Wed Oct 07 11:16:22 UTC 2026","passed","Wed Oct 07 11:16:22 UTC 2026","TestDeleteBooking","test_delete_booking","",""
"Verify booking creation with multiple data sets from JSON file.","36","Data-driven: Create booking with parametrized test data","tests.test_bookings","Wed Oct 07 11:16:21 UTC 2026","passed","Wed Oct 07 11:16:21 UTC 2026","TestCreateBooking","test_create_booking","",""
"Verify that each created booking gets a unique ID.","110","Create booking returns unique booking ID","tests.test_bookings","Wed Oct 07 11:16:21 UTC 2026","passed","Wed Oct 07 11:16:21 UTC 2026","TestCreateBooking","test_create_booking","",""
"Create a booking and immediately update it to verify consistency.","145","Rapid update: Create and immediately update booking","tests.test_e2e","Wed Oct 07 11:16:25 UTC 2026","passed","Wed Oct 07 11:16:26 UTC 2026","TestBookingWorkflow","test_booking_workflow","",""
"Verify booking creation with special characters in firstname.","37","Create booking with special characters in name","tests.test_bookings","Wed Oct 07 11:16:20 UTC 2026","passed","Wed Oct 07 11:16:20 UTC 2026","TestBoundaryValues","test_boundary","",""
"Verify API rejects booking with missing required fields.","36","Create booking with missing required fields","tests.test_negative","Wed Oct 07 11:16:26 UTC 2026","passed","Wed Oct 07 11:16:26 UTC 2026","TestErrorHandling","test_error_handling","",""
"Verify API responses include server identification.","37","Response includes Server header","tests.test_bookings","Wed Oct 07 11:16:23 UTC 2026","passed","Wed Oct 07 11:16:23 UTC 2026","TestHeaderValidation","test_headers","",""
"Verify that a booking can be created with valid data.","37","Create booking with valid data","tests.test_bookings","Wed Oct 07 11:16:21 UTC 2026","passed","Wed Oct 07 11:16:21 UTC 2026","TestCreateBooking","test_create_booking","",""
"Verify API does not expose sensitive server information.","36","Response does not expose sensitive headers","tests.test_bookings","Wed Oct 07 11:16:23 UTC 2026","passed","Wed Oct 07 11:16:23 UTC 2026","TestHeaderValidation","test_headers","",""
"Verify booking creation with special characters in firstname.","37","Create booking with special characters in name","tests.test_bookings","Wed Oct 07 11:16:20 UTC 2026","passed","Wed Oct 07 11:16:20 UTC 2026","TestBoundaryValues","test_boundary","",""
"Verify POST response has correct Content-Type.","36","POST /booking returns proper Content-Type header","tests.test_bookings","Wed Oct 07 11:16:23 UTC 2026","passed","Wed Oct 07 11:16:23 UTC 2026","TestHeaderValidation","test_headers","",""
"Verify that invalid credentials do not return a token.","36","Invalid credentials do not return a token","tests.test_auth","Wed Oct 07 11:16:19 UTC 2026","passed","Wed Oct 07 11:16:19 UTC 2026","TestAuthentication","test_authentication","",""
"Verify API rejects empty request body.","36","Create booking with empty body","tests.test_negative","Wed Oct 07 11:16:26 UTC 2026","passed","Wed Oct 07 11:16:26 UTC 2026","TestErrorHandling","test_error_handling","",""
"Verify booking creation with special characters in firstname.","37","Create booking with special characters in name","tests.test_bookings","Wed Oct 07 11:16:20 UTC 2026","passed","Wed Oct 07 11:16:20 UTC 2026","TestBoundaryValues","test_boundary","",""
"Verify that changes from PUT are visible on subsequent GET.","73","Verify updated booking persists on GET","tests.test_bookings","Wed Oct 07 11:16:24 UTC 2026","passed","Wed Oct 07 11:16:24 UTC 2026","TestUpdateBooking","test_update_booking","",""
"Verify API behavior with various invalid payloads from JSON file.","72","Data-driven negative test: invalid payload","tests.test_negative","Wed Oct 07 11:16:26 UTC 2026","passed","Wed Oct 07 11:16:26 UTC 2026","TestErrorHandling","test_error_handling","",""
"Verify that invalid credentials do not return a token.","36","Invalid credentials do not return a token","tests.test_auth","Wed Oct 07 11:16:19 UTC 2026","passed","Wed Oct 07 11:16:19 UTC 2026","TestAuthentication","test_authentication","",""
"Verify POST /booking responds within acceptable time.","37","POST /booking responds within threshold","tests.test_performance","Wed Oct 07 11:16:27 UTC 2026","passed","Wed Oct 07 11:16:27 UTC 2026","TestResponseTimes","test_response_times","",""
"Verify API handles invalid booking ID types.","36","GET /booking with invalid ID type: abc","tests.test_bookings","Wed Oct 07 11:16:21 UTC 2026","passed","Wed Oct 07 11:16:21 UTC 2026","TestBoundaryValues","test_boundary","",""
"Verify GET /booking/:id with invalid ID returns 404.","37","Get non-existent booking returns 404","tests.test_bookings","Wed Oct 07 11:16:22 UTC 2026","passed","Wed Oct 07 11:16:22 UTC 2026","TestGetBooking","test_get_booking","",""
"Verify that the returned token is a non-empty string of reasonable length.","36","Token format is a non-empty string","tests.test_auth","Wed Oct 07 11:16:19 UTC 2026","passed","Wed Oct 07 11:16:19 UTC 2026","TestAuthentication","test_authentication","",""
"Verify API handles invalid booking ID types.","36","GET /booking with invalid ID type: 0","tests.test_bookings","Wed Oct 07 11:16:21 UTC 2026","passed","Wed Oct 07 11:16:21 UTC 2026","TestBoundaryValues","test_boundary","",""
"Verify API returns application/json Content-Type.","36","GET /booking/:id returns proper Content-Type header","tests.test_bookings","Wed Oct 07 11:16:23 UTC 2026","passed","Wed Oct 07 11:16:23 UTC 2026","TestHeaderValidation","test_headers","",""
"Verify sending the same PUT request twice produces identical results.","73","PUT /booking/:id is idempotent","tests.test_bookings","Wed Oct 07 11:16:23 UTC 2026","passed","Wed Oct 07 11:16:23 UTC 2026","TestIdempotency","test_idempotency","",""
"Verify GET /booking responds within acceptable time.","36","GET /booking responds within threshold","tests.test_performance","Wed Oct 07 11:16:27 UTC 2026","passed","Wed Oct 07 11:16:27 UTC 2026","TestResponseTimes","test_response_times","",""
"Verify booking creation with special characters in firstname.","37","Create booking with special characters in name","tests.test_bookings","Wed Oct 07 11:16:20 UTC 2026","passed","Wed Oct 07 11:16:20 UTC 2026","TestBoundaryValues","test_boundary","",""
"Verify API sanitizes or rejects dangerous payloads.

        Known bug: API stores payloads as-is without sanitization.
        Expected: 400 Bad Request or sanitized storage.
        ","110","Security: SQL injection in firstname field","tests.test_negative","Wed Oct 07 11:16:26 UTC 2026","passed","Wed Oct 07 11:16:26 UTC 2026","TestErrorHandling","test_error_handling","",""
"Verify API rejects extremely long string values.

        Known bug: API accepts 5000-character firstname without validation.
        Expected: 400 Bad Request with field length error.
        ","73","Create booking with extremely long name","tests.test_negative","Wed Oct 07 11:16:26 UTC 2026","passed","Wed Oct 07 11:16:26 UTC 2026","TestErrorHandling","test_error_handling","",""
"Verify POST /auth response matches the auth JSON schema.","37","POST /auth response matches auth schema","tests.test_contracts","Wed Oct 07 11:16:25 UTC 2026","passed","Wed Oct 07 11:16:25 UTC 2026","TestSchemaValidation","test_schema_validation","",""
"Verify API behavior with various invalid payloads from JSON file.","36","Data-driven negative test: invalid payload","tests.test_negative","Wed Oct 07 11:16:26 UTC 2026","passed","Wed Oct 07 11:16:26 UTC 2026","TestErrorHandling","test_error_handling","",""
"Verify that empty credentials do not return a token.","36","Empty credentials do not return a token","tests.test_auth","Wed Oct 07 11:16:19 UTC 2026","passed","Wed Oct 07 11:16:19 UTC 2026","TestAuthentication","test_authentication","",""
"Verify that valid credentials return a valid token.","166","Valid credentials return a token","tests.test_auth","Wed Oct 07 11:16:19 UTC 2026","passed","Wed Oct 07 11:16:19 UTC 2026","TestAuthentication","test_authentication","",""
"Verify that deleting without auth returns 403.","108","Delete booking without auth returns 403","tests.test_bookings","Wed Oct 07 11:16:22 UTC 2026","passed","Wed Oct 07 11:16:22 UTC 2026","TestDeleteBooking","test_delete_booking","",""
"Verify booking creation with multiple data sets from JSON file.","37","Data-driven: Create booking with parametrized test data","tests.test_bookings","Wed Oct 07 11:16:21 UTC 2026","passed","Wed Oct 07 11:16:22 UTC 2026","TestCreateBooking","test_create_booking","",""
"Verify booking creation with multiple data sets from JSON file.","37","Data-driven: Create booking with parametrized test data","tests.test_bookings","Wed Oct 07 11:16:21 UTC 2026","passed","Wed Oct 07 11:16:21 UTC 2026","TestCreateBooking","test_create_booking","",""
"Verify booking creation with both depositpaid values.","36","Create booking with depositpaid=False","tests.test_bookings","Wed Oct 07 11:16:22 UTC 2026","passed","Wed Oct 07 11:16:22 UTC 2026","TestCreateBooking","test_create_booking","",""
"Verify GET /booking?firstname=X returns filtered results.","37","Filter bookings by firstname","tests.test_bookings","Wed Oct 07 11:16:22 UTC 2026","passed","Wed Oct 07 11:16:22 UTC 2026","TestGetBooking","test_get_booking","",""
"Verify that updating a non-existent booking returns an error.","37","Update non-existent booking returns error","tests.test_bookings","Wed Oct 07 11:16:25 UTC 2026","passed","Wed Oct 07 11:16:25 UTC 2026","TestUpdateBooking","test_update_booking","",""
"Verify booking creation with boundary totalprice values.","37","Create booking with totalprice=1","tests.test_bookings","Wed Oct 07 11:16:20 UTC 2026","passed","Wed Oct 07 11:16:20 UTC 2026","TestBoundaryValues","test_boundary","",""
"Verify booking creation with both depositpaid values.","36","Create booking with depositpaid=True","tests.test_bookings","Wed Oct 07 11:16:22 UTC 2026","passed","Wed Oct 07 11:16:22 UTC 2026","TestCreateBooking","test_create_booking","",""
"Verify booking creation with various name lengths.","37","Create booking with name length=255","tests.test_bookings","Wed Oct 07 11:16:20 UTC 2026","passed","Wed Oct 07 11:16:20 UTC 2026","TestBoundaryValues","test_boundary","",""
"Verify API handles invalid date formats.

        Known bug: API accepts 'not-a-date' without validation.
        Expected: 400 Bad Request.
        ","72","Create booking with invalid date format","tests.test_negative","Wed Oct 07 11:16:26 UTC 2026","passed","Wed Oct 07 11:16:26 UTC 2026","TestErrorHandling","test_error_handling","",""
"Verify PATCH can update multiple fields simultaneously.","37","Partial update multiple fields","tests.test_bookings","Wed Oct 07 11:16:24 UTC 2026","passed","Wed Oct 07 11:16:24 UTC 2026","TestPartialUpdateBooking","test_partial_update","",""
"Verify booking creation with various name lengths.","36","Create booking with name length=1","tests.test_bookings","Wed Oct 07 11:16:20 UTC 2026","passed","Wed Oct 07 11:16:20 UTC 2026","TestBoundaryValues","test_boundary","",""
"Create multiple bookings and verify search/filter functionality.","253","Search workflow: Create multiple bookings and filter","tests.test_e2e","Wed Oct 07 11:16:25 UTC 2026","passed","Wed Oct 07 11:16:25 UTC 2026","TestBookingWorkflow","test_booking_workflow","",""
"Verify API behavior with various invalid payloads from JSON file.","72","Data-driven negative test: invalid payload","tests.test_negative","Wed Oct 07 11:16:27 UTC 2026","passed","Wed Oct 07 11:16:27 UTC 2026","TestErrorHandling","test_error_handling","",""
"Verify POST /booking response matches the create booking JSON schema.","74","POST /booking response matches create booking schema","tests.test_contracts","Wed Oct 07 11:16:25 UTC 2026","passed","Wed Oct 07 11:16:25 UTC 2026","TestSchemaValidation","test_schema_validation","",""
"Verify GET /booking returns an array of objects with bookingid.","38","GET /booking (list) returns array of booking IDs","tests.test_contracts","Wed Oct 07 11:16:25 UTC 2026","passed","Wed Oct 07 11:16:25 UTC 2026","TestSchemaValidation","test_schema_validation","",""
"Verify booking creation with dates far in the future.","37","Create booking with far-future dates","tests.test_bookings","Wed Oct 07 11:16:20 UTC 2026","passed","Wed Oct 07 11:16:20 UTC 2026","TestBoundaryValues","test_boundary","",""
"Verify booking creation with boundary totalprice values.","137","Create booking with totalprice=0","tests.test_bookings","Wed Oct 07 11:16:19 UTC 2026","passed","Wed Oct 07 11:16:20 UTC 2026","TestBoundaryValues","test_boundary","",""
"Verify API behavior with various invalid payloads from JSON file.","72","Data-driven negative test: invalid payload","tests.test_negative","Wed Oct 07 11:16:27 UTC 2026","passed","Wed Oct 07 11:16:27 UTC 2026","TestErrorHandling","test_error_handling","",""
"Verify DELETE returns error when called twice on same resource.","108","DELETE /booking/:id returns error on second call","tests.test_bookings","Wed Oct 07 11:16:23 UTC 2026","passed","Wed Oct 07 11:16:24 UTC 2026","TestIdempotency","test_idempotency","",""
"Verify API sanitizes or rejects dangerous payloads.

        Known bug: API stores payloads as-is without sanitization.
        Expected: 400 Bad Request or sanitized storage.
        ","108","Security: Path traversal in firstname field","tests.test_negative","Wed Oct 07 11:16:26 UTC 2026","passed","Wed Oct 07 11:16:26 UTC 2026","TestErrorHandling","test_error_handling","",""
"Verify GET /booking/:id responds within acceptable time.","36","GET /booking/:id responds within threshold","tests.test_performance","Wed Oct 07 11:16:27 UTC 2026","passed","Wed Oct 07 11:16:27 UTC 2026","TestResponseTimes","test_response_times","",""
"Verify booking creation with boundary totalprice values.","37","Create booking with totalprice=999999","tests.test_bookings","Wed Oct 07 11:16:20 UTC 2026","passed","Wed Oct 07 11:16:20 UTC 2026","TestBoundaryValues","test_boundary","",""
